variable_name,question_text,source,module_type,toggle_category,historical_toggle_category,ri_threshold_score,keywords,n_keywords,word_count,complexity,Ui,Bi,Ri,selected_for_module,selected,minutes,Pi,augmented_utility,idf_strength,redundancy_penalty,construct_bonus,portability_bonus,construct_count,recommended_wording,keyword_list,tagged_keywords,constructs
SPC_HOME_DAMAGED_DESTROYED_DISASTER,Was your home damaged or destroyed by Katrina or Rita?,Hurricane Katrina 2007,Crisis-Specific,Specific,Toggle: Pandemic / Disaster,0.378,"['damaged', 'destroyed', 'home', 'katrina', 'rita', 'your home']",6,10,0.0,2.65,1.0,2.65,True,True,1.167,2.266,3.276,3.013,0.686,5.182,0.02,2,Was your home damaged or destroyed by the disaster?,"['damaged', 'destroyed', 'home', 'katrina', 'rita', 'your home']","[{'keyword': 'katrina', 'construct': 'Trauma / Health', 'weight': 0.9}, {'keyword': 'rita', 'construct': 'Trauma / Health', 'weight': 0.9}, {'keyword': 'your home', 'construct': 'Housing / Shelter', 'weight': 0.85}]","['Housing / Shelter', 'Trauma / Health']"
SPC_BUSINESS_DAMAGED_DESTROYED_DISASTER,Was your business damaged or destroyed by Katrina or Rita?,Hurricane Katrina 2007,Crisis-Specific,Specific,Toggle: Pandemic / Disaster,0.512,"['business', 'damaged', 'destroyed', 'katrina', 'rita', 'your business']",6,10,0.0,3.3,1.0,3.3,True,True,1.167,2.962,4.282,3.107,0.686,7.893,0.02,2,Was your business damaged or destroyed by the disaster?,"['business', 'damaged', 'destroyed', 'katrina', 'rita', 'your business']","[{'keyword': 'business', 'construct': 'Economic / Income', 'weight': 0.75}, {'keyword': 'katrina', 'construct': 'Trauma / Health', 'weight': 0.9}, {'keyword': 'rita', 'construct': 'Trauma / Health', 'weight': 0.9}, {'keyword': 'your business', 'construct': 'Economic / Income', 'weight': 0.75}]","['Economic / Income', 'Trauma / Health']"
GEN_EXPERIENCED_FINANCIAL_DIFFICULTIES_C,Any financial difficulties,COVID-19,Crisis-Specific,Generic,Generic Core,1.0,"['any financial difficulties', 'financial difficulties']",2,3,0.0,1.7,0.3,5.667,True,True,0.35,7.187,2.742,3.776,0.418,17.863,0.16,1,Have you experienced any financial difficulties because of the crisis?,"['any financial difficulties', 'financial difficulties']","[{'keyword': 'any financial difficulties', 'construct': 'Financial Coping', 'weight': 0.85}, {'keyword': 'financial difficulties', 'construct': 'Financial Coping', 'weight': 0.85}]",['Financial Coping']
GEN_LOSE_EARNINGS_PANDEMIC,Lost earnings because of the pandemic,COVID-19,Crisis-Specific,Generic,Toggle: Pandemic / Disaster,1.0,"['earnings', 'lost earnings', 'pandemic', 'the pandemic']",4,6,0.0,3.4,0.6,5.667,True,True,0.7,7.86,5.237,4.196,0.17,7.893,0.03,2,Did you lose earnings because of the pandemic?,"['earnings', 'lost earnings', 'pandemic', 'the pandemic']","[{'keyword': 'earnings', 'construct': 'Economic / Income', 'weight': 0.8}, {'keyword': 'lost earnings', 'construct': 'Economic / Income', 'weight': 0.8}, {'keyword': 'pandemic', 'construct': 'Trauma / Health', 'weight': 0.9}, {'keyword': 'the pandemic', 'construct': 'Trauma / Health', 'weight': 0.9}]","['Economic / Income', 'Trauma / Health']"
SPC_WORK_ENTIRELY_HOME_DURING,Only work from home,COVID-19,Crisis-Specific,Specific,Toggle: Pandemic / Disaster,0.553,"['home', 'only work', 'work']",3,4,0.0,1.4,0.4,3.5,True,True,0.467,3.957,1.889,3.629,0.298,7.929,0.08,1,Did you work entirely from home during the crisis?,"['home', 'only work', 'work']","[{'keyword': 'only work', 'construct': 'Employment', 'weight': 0.7}, {'keyword': 'work', 'construct': 'Employment', 'weight': 0.7}]",['Employment']
SPC_STOPPED_WORK_CRISIS,stopped this work?,Govt Shutdown Income,Generic,Specific,Generic Core,0.553,"['stopped', 'this work', 'work']",3,4,0.0,1.4,0.4,3.5,True,True,0.467,4.134,1.974,3.911,0.298,7.929,0.08,1,Have you stopped this work because of the crisis?,"['stopped', 'this work', 'work']","[{'keyword': 'this work', 'construct': 'Employment', 'weight': 0.7}, {'keyword': 'work', 'construct': 'Employment', 'weight': 0.7}]",['Employment']
SPC_WAGES_SALARY_PAYMENTS_JOB,Were/Was there any wages or salarys from this job/these jobs?,Govt Shutdown Income,Generic,Specific,Generic Core,0.394,"['this job', 'any wages', 'job', 'jobs', 'salary', 'salarys', 'these jobs', 'wage']",8,10,0.5,3.0,1.1,2.727,True,True,1.167,4.134,4.892,4.178,0.117,10.784,0.08,2,Were there any wages or salary payments from this job during the crisis period?,"['this job', 'any wages', 'job', 'jobs', 'salary', 'salarys', 'these jobs', 'wage']","[{'keyword': 'this job', 'construct': 'Employment', 'weight': 0.7}, {'keyword': 'any wages', 'construct': 'Economic / Income', 'weight': 0.8}, {'keyword': 'job', 'construct': 'Employment', 'weight': 0.7}, {'keyword': 'salary', 'construct': 'Economic / Income', 'weight': 0.8}]","['Economic / Income', 'Employment']"
SPC_ANYONE_IMMEDIATE_FAMILY_KILLED,Was anyone in your immediate family killed as a result of Katrina or Rita?,Hurricane Katrina 2007,Crisis-Specific,Specific,Toggle: Pandemic / Disaster,0.268,"['anyone', 'family', 'immediate family', 'katrina', 'killed', 'result', 'rita']",7,13,0.0,2.75,1.3,2.115,True,True,1.517,2.06,3.129,3.331,0.259,2.146,0.02,1,Was anyone in your immediate family killed as a result of the disaster?,"['anyone', 'family', 'immediate family', 'katrina', 'killed', 'result', 'rita']","[{'keyword': 'katrina', 'construct': 'Trauma / Health', 'weight': 0.9}, {'keyword': 'killed', 'construct': 'Trauma / Health', 'weight': 0.95}, {'keyword': 'rita', 'construct': 'Trauma / Health', 'weight': 0.9}]",['Trauma / Health']
SPC_EXPERIENCE_HURRICANE_FORCE_WINDS,Did you experience hurricane force winds at your location during Katrina or Rita?,Hurricane Katrina 2007,Crisis-Specific,Specific,Toggle: Pandemic / Disaster,0.26,"['experience', 'force winds', 'hurricane', 'katrina', 'location', 'rita', 'your location']",7,13,0.0,2.7,1.3,2.077,True,True,1.517,2.106,3.167,3.497,0.241,2.146,0.02,1,Did you experience hurricane force winds at your location during the disaster?,"['experience', 'force winds', 'hurricane', 'katrina', 'location', 'rita', 'your location']","[{'keyword': 'hurricane', 'construct': 'Trauma / Health', 'weight': 0.9}, {'keyword': 'katrina', 'construct': 'Trauma / Health', 'weight': 0.9}, {'keyword': 'rita', 'construct': 'Trauma / Health', 'weight': 0.9}]",['Trauma / Health']
SPC_EXPERIENCE_MAJOR_FLOODING_HOME,Did you experience major flooding in your home from Katrina or Rita?,Hurricane Katrina 2007,Crisis-Specific,Specific,Toggle: Pandemic / Disaster,0.613,"['experience', 'flooding', 'home', 'katrina', 'major flooding', 'rita', 'your home']",7,12,0.0,4.55,1.2,3.792,True,True,1.4,4.222,5.884,3.28,0.248,5.182,0.02,2,Did you experience major flooding in your home during the disaster?,"['experience', 'flooding', 'home', 'katrina', 'major flooding', 'rita', 'your home']","[{'keyword': 'flooding', 'construct': 'Housing / Shelter', 'weight': 0.95}, {'keyword': 'katrina', 'construct': 'Trauma / Health', 'weight': 0.9}, {'keyword': 'major flooding', 'construct': 'Housing / Shelter', 'weight': 0.95}, {'keyword': 'rita', 'construct': 'Trauma / Health', 'weight': 0.9}, {'keyword': 'your home', 'construct': 'Housing / Shelter', 'weight': 0.85}]","['Housing / Shelter', 'Trauma / Health']"
GEN_RECEIVE_STIMULUS_PAYMENT_OTHER,Received stimulus payment,COVID-19,Crisis-Specific,Generic,Toggle: Pandemic / Disaster,0.794,"['received stimulus payment', 'stimulus payment']",2,3,0.0,1.4,0.3,4.667,True,True,0.35,6.328,2.173,4.196,0.222,7.989,0.16,1,Did you receive a stimulus payment or other emergency government support?,"['received stimulus payment', 'stimulus payment']","[{'keyword': 'received stimulus payment', 'construct': 'Government Aid', 'weight': 0.7}, {'keyword': 'stimulus payment', 'construct': 'Government Aid', 'weight': 0.7}]",['Government Aid']
SPC_PHYSICALLY_INJURED_WAY_AS,Were you physically injured in any way as a result of Katrina or Rita?,Hurricane Katrina 2007,Crisis-Specific,Specific,Toggle: Pandemic / Disaster,0.418,"['any way', 'injured', 'katrina', 'physically injured', 'result', 'rita']",6,13,0.0,3.7,1.3,2.846,True,True,1.517,2.804,4.259,3.394,0.259,2.146,0.02,1,Were you physically injured in any way as a result of the disaster?,"['any way', 'injured', 'katrina', 'physically injured', 'result', 'rita']","[{'keyword': 'injured', 'construct': 'Trauma / Health', 'weight': 0.95}, {'keyword': 'katrina', 'construct': 'Trauma / Health', 'weight': 0.9}, {'keyword': 'physically injured', 'construct': 'Trauma / Health', 'weight': 0.95}, {'keyword': 'rita', 'construct': 'Trauma / Health', 'weight': 0.9}]",['Trauma / Health']
SPC_SEVERE_DAMAGE_HOME_DURING,How severe was the property damage to your home from Katrina or Rita?,Hurricane Katrina 2007,Crisis-Specific,Specific,Toggle: Pandemic / Disaster,0.402,"['damage', 'home', 'katrina', 'property damage', 'rita', 'severe', 'your home']",7,13,0.0,3.6,1.3,2.769,True,True,1.517,3.169,4.692,3.328,0.214,5.182,0.02,2,How severe was the damage to your home during the disaster?,"['damage', 'home', 'katrina', 'property damage', 'rita', 'severe', 'your home']","[{'keyword': 'katrina', 'construct': 'Trauma / Health', 'weight': 0.9}, {'keyword': 'property damage', 'construct': 'Housing / Shelter', 'weight': 0.95}, {'keyword': 'rita', 'construct': 'Trauma / Health', 'weight': 0.9}, {'keyword': 'your home', 'construct': 'Housing / Shelter', 'weight': 0.85}]","['Housing / Shelter', 'Trauma / Health']"
SPC_DISASTER_OFTEN_BEEN_BOTHERED,"Since Katrina and Rita, how often have you been bothered by feeling down depressed or hopeless?",Hurricane Katrina 2007,Crisis-Specific,Specific,Toggle: Pandemic / Disaster,0.038,"['depressed', 'feeling down', 'hopeless', 'katrina', 'rita']",5,16,1.0,1.8,1.8,1.0,False,False,1.867,0.832,1.941,3.053,0.454,2.146,0.02,1,"Since the disaster, how often have you been bothered by feeling down depressed or hopeless?","['depressed', 'feeling down', 'hopeless', 'katrina', 'rita']","[{'keyword': 'katrina', 'construct': 'Trauma / Health', 'weight': 0.9}, {'keyword': 'rita', 'construct': 'Trauma / Health', 'weight': 0.9}]",['Trauma / Health']
SPC_AFRAID_DURING_DISASTER_MIGHT,How afraid were you during Katrina or Rita that you might be killed or seriously injured?,Hurricane Katrina 2007,Crisis-Specific,Specific,Toggle: Pandemic / Disaster,0.336,"['afraid', 'injured', 'katrina', 'killed', 'rita', 'seriously injured', 'you']",7,16,1.5,4.65,1.9,2.447,True,True,1.867,2.584,5.389,3.431,0.15,2.146,0.02,1,How afraid were you during the disaster that you might be seriously injured or killed?,"['afraid', 'injured', 'katrina', 'killed', 'rita', 'seriously injured', 'you']","[{'keyword': 'injured', 'construct': 'Trauma / Health', 'weight': 0.95}, {'keyword': 'katrina', 'construct': 'Trauma / Health', 'weight': 0.9}, {'keyword': 'killed', 'construct': 'Trauma / Health', 'weight': 0.95}, {'keyword': 'rita', 'construct': 'Trauma / Health', 'weight': 0.9}, {'keyword': 'seriously injured', 'construct': 'Trauma / Health', 'weight': 0.95}]",['Trauma / Health']
SPC_WORKING_JOB_CONSIDERED_ESSENTIAL,Working in a job that was considered essential work?,COVID-19,Crisis-Specific,Specific,Generic Core,0.656,"['a job', 'considered essential work', 'essential work', 'job', 'working']",5,9,0.0,3.6,0.9,4.0,True,True,1.05,5.223,5.205,4.078,0.165,7.929,0.08,1,Were you working in a job that was considered essential during the crisis?,"['a job', 'considered essential work', 'essential work', 'job', 'working']","[{'keyword': 'a job', 'construct': 'Employment', 'weight': 0.7}, {'keyword': 'considered essential work', 'construct': 'Employment', 'weight': 0.75}, {'keyword': 'essential work', 'construct': 'Employment', 'weight': 0.75}, {'keyword': 'job', 'construct': 'Employment', 'weight': 0.7}, {'keyword': 'working', 'construct': 'Employment', 'weight': 0.7}]",['Employment']
SPC_DISASTER_OFTEN_DISTURBING_MEMORIES,"Since Katrina and Rita, have you been bothered by repeated disturbing memories thoughts or images of the hurricane?",Hurricane Katrina 2007,Crisis-Specific,Specific,Toggle: Pandemic / Disaster,0.208,"['disturbing memories', 'hurricane', 'images', 'katrina', 'memories', 'repeated', 'rita', 'thoughts']",8,18,1.0,3.65,2.0,1.825,True,True,2.1,1.588,4.23,3.43,0.51,2.146,0.02,1,"Since the disaster, how often have you had disturbing memories or images about what happened?","['disturbing memories', 'hurricane', 'images', 'katrina', 'memories', 'repeated', 'rita', 'thoughts']","[{'keyword': 'disturbing memories', 'construct': 'Trauma / Health', 'weight': 0.95}, {'keyword': 'hurricane', 'construct': 'Trauma / Health', 'weight': 0.9}, {'keyword': 'katrina', 'construct': 'Trauma / Health', 'weight': 0.9}, {'keyword': 'rita', 'construct': 'Trauma / Health', 'weight': 0.9}]",['Trauma / Health']
SPC_HOUSEHOLD_MANAGE_FINANCIAL_DIFFICULT,How did you/your family manage any financial difficulties due to the shutdown - sell your belongings?,Govt Shutdown Crisis,Crisis-Specific,Specific,Toggle: Financial Crisis,0.598,"['any financial difficulties', 'belongings', 'due', 'family manage', 'financial difficulties', 'sell', 'shutdown', 'the shutdown', 'you', 'your belongings', 'your family']",11,16,0.0,5.95,1.6,3.719,True,True,1.867,4.592,9.343,4.017,0.418,13.006,0.02,2,How did your household manage financial difficulties caused by the shutdown or crisis?,"['any financial difficulties', 'belongings', 'due', 'family manage', 'financial difficulties', 'sell', 'shutdown', 'the shutdown', 'you', 'your belongings', 'your family']","[{'keyword': 'any financial difficulties', 'construct': 'Financial Coping', 'weight': 0.85}, {'keyword': 'belongings', 'construct': 'Financial Coping', 'weight': 0.75}, {'keyword': 'family manage', 'construct': 'Financial Coping', 'weight': 0.7}, {'keyword': 'financial difficulties', 'construct': 'Financial Coping', 'weight': 0.85}, {'keyword': 'sell', 'construct': 'Financial Coping', 'weight': 0.75}, {'keyword': 'shutdown', 'construct': 'Government Aid', 'weight': 0.65}, {'keyword': 'the shutdown', 'construct': 'Government Aid', 'weight': 0.65}, {'keyword': 'your belongings', 'construct': 'Financial Coping', 'weight': 0.75}]","['Financial Coping', 'Government Aid']"
SPC_STOPPED_WORKING_BUSINESS_CRISIS,stopped working at this business?,Govt Shutdown Income,Generic,Specific,Generic Core,0.605,"['business', 'stopped working', 'this business']",3,6,0.0,2.25,0.6,3.75,True,True,0.7,5.177,3.6,4.034,0.244,10.784,0.08,2,Have you stopped working at this business because of the crisis?,"['business', 'stopped working', 'this business']","[{'keyword': 'business', 'construct': 'Economic / Income', 'weight': 0.75}, {'keyword': 'stopped working', 'construct': 'Employment', 'weight': 0.75}, {'keyword': 'this business', 'construct': 'Economic / Income', 'weight': 0.75}]","['Economic / Income', 'Employment']"
SPC_RECEIVE_PAYCHECK_PROTECTION_OTHER,Paycheck protection,COVID-19,Crisis-Specific,Specific,Toggle: Pandemic / Disaster,0.553,['paycheck protection'],1,2,0.0,0.7,0.2,3.5,True,True,0.233,5.212,1.042,4.277,0.0,7.989,0.08,1,Did you receive paycheck protection or other emergency business support?,['paycheck protection'],"[{'keyword': 'paycheck protection', 'construct': 'Government Aid', 'weight': 0.7}]",['Government Aid']
SPC_RECEIVE_STIMULUS_PAYMENT_OTHER,Stimulus payments,COVID-19,Crisis-Specific,Specific,Toggle: Pandemic / Disaster,0.553,['stimulus payments'],1,2,0.0,0.7,0.2,3.5,True,True,0.233,4.466,1.022,4.142,0.222,7.989,0.08,1,Did you receive a stimulus payment or other emergency government support?,['stimulus payments'],"[{'keyword': 'stimulus payments', 'construct': 'Government Aid', 'weight': 0.7}]",['Government Aid']
SPC_DISASTER_FELT_NERVOUS_ANXIOUS,"Since Katrina and Rita, have you felt nervous anxious or on edge?",Hurricane Katrina 2007,Crisis-Specific,Specific,Toggle: Pandemic / Disaster,0.096,"['anxious', 'edge', 'katrina', 'nervous', 'rita']",5,12,1.0,1.8,1.4,1.286,False,False,1.4,1.287,2.066,3.378,0.225,2.146,0.02,1,"Since the disaster, have you felt nervous anxious or on edge?","['anxious', 'edge', 'katrina', 'nervous', 'rita']","[{'keyword': 'katrina', 'construct': 'Trauma / Health', 'weight': 0.9}, {'keyword': 'rita', 'construct': 'Trauma / Health', 'weight': 0.9}]",['Trauma / Health']
SPC_DISASTER_OFTEN_DISTURBING_DREAMS,"Since Katrina and Rita, have you been bothered by repeated disturbing dreams about the hurricane?",Hurricane Katrina 2007,Crisis-Specific,Specific,Toggle: Pandemic / Disaster,0.159,"['disturbing dreams', 'dreams', 'hurricane', 'katrina', 'repeated', 'rita']",6,15,1.0,2.7,1.7,1.588,False,False,1.75,1.316,2.979,3.17,0.51,2.146,0.02,1,"Since the disaster, how often have you had disturbing dreams about what happened?","['disturbing dreams', 'dreams', 'hurricane', 'katrina', 'repeated', 'rita']","[{'keyword': 'hurricane', 'construct': 'Trauma / Health', 'weight': 0.9}, {'keyword': 'katrina', 'construct': 'Trauma / Health', 'weight': 0.9}, {'keyword': 'rita', 'construct': 'Trauma / Health', 'weight': 0.9}]",['Trauma / Health']
SPC_LONG_STAY_TEMPORARY_HOUSING,How long did you stay in temporary housing after Katrina or Rita?,Hurricane Katrina 2007,Crisis-Specific,Specific,Toggle: Pandemic / Disaster,0.338,"['housing', 'katrina', 'long', 'rita', 'temporary housing', 'you']",6,11,0.0,2.7,1.1,2.455,True,True,1.283,3.09,3.614,3.492,0.097,5.182,0.02,2,How long did you stay in temporary housing after the disaster?,"['housing', 'katrina', 'long', 'rita', 'temporary housing', 'you']","[{'keyword': 'katrina', 'construct': 'Trauma / Health', 'weight': 0.9}, {'keyword': 'rita', 'construct': 'Trauma / Health', 'weight': 0.9}, {'keyword': 'temporary housing', 'construct': 'Housing / Shelter', 'weight': 0.9}]","['Housing / Shelter', 'Trauma / Health']"
SPC_CURRENTLY_LIVING_ADDRESS,"Can I just check, are you normally resident at this address?",Understanding Society,Generic,Specific,Generic Core,0.072,"['address', 'check', 'normally resident', 'this address', 'you']",5,11,0.5,1.4,1.2,1.167,False,False,1.283,1.908,2.289,4.277,0.0,17.553,0.08,1,Are you currently living at this address?,"['address', 'check', 'normally resident', 'this address', 'you']","[{'keyword': 'address', 'construct': 'Demographics', 'weight': 0.45}, {'keyword': 'normally resident', 'construct': 'Demographics', 'weight': 0.5}, {'keyword': 'this address', 'construct': 'Demographics', 'weight': 0.45}]",['Demographics']
SPC_DISASTER_TROUBLE_RELAXING,"Since Katrina and Rita, have you had trouble relaxing?",Hurricane Katrina 2007,Crisis-Specific,Specific,Toggle: Pandemic / Disaster,0.141,"['katrina', 'relaxing', 'rita', 'trouble']",4,10,1.0,1.8,1.2,1.5,False,False,1.167,1.4,1.907,2.964,0.208,2.146,0.02,1,"Since the disaster, have you had trouble relaxing?","['katrina', 'relaxing', 'rita', 'trouble']","[{'keyword': 'katrina', 'construct': 'Trauma / Health', 'weight': 0.9}, {'keyword': 'rita', 'construct': 'Trauma / Health', 'weight': 0.9}]",['Trauma / Health']
SPC_DISASTER_FELT_HEART_POUNDING,"Since Katrina and Rita, have you felt your heart pounding or racing?",Hurricane Katrina 2007,Crisis-Specific,Specific,Toggle: Pandemic / Disaster,0.079,"['heart pounding', 'katrina', 'pounding', 'racing', 'rita', 'your heart']",6,13,1.0,1.8,1.5,1.2,False,False,1.517,1.201,2.066,3.378,0.225,2.146,0.02,1,"Since the disaster, have you felt your heart pounding or racing?","['heart pounding', 'katrina', 'pounding', 'racing', 'rita', 'your heart']","[{'keyword': 'katrina', 'construct': 'Trauma / Health', 'weight': 0.9}, {'keyword': 'rita', 'construct': 'Trauma / Health', 'weight': 0.9}]",['Trauma / Health']
SPC_DISASTER_BEEN_UNABLE_STOP,"Since Katrina and Rita, have you been unable to stop or control worrying?",Hurricane Katrina 2007,Crisis-Specific,Specific,Toggle: Pandemic / Disaster,0.079,"['control', 'katrina', 'rita', 'stop', 'unable', 'worrying']",6,13,1.0,1.8,1.5,1.2,False,False,1.517,1.261,2.1,3.468,0.171,2.146,0.02,1,"Since the disaster, have you been unable to stop or control worrying?","['control', 'katrina', 'rita', 'stop', 'unable', 'worrying']","[{'keyword': 'katrina', 'construct': 'Trauma / Health', 'weight': 0.9}, {'keyword': 'rita', 'construct': 'Trauma / Health', 'weight': 0.9}]",['Trauma / Health']
SPC_EVACUATE_HOME_DISASTER_HIT,Did you evacuate from your home before Katrina or Rita hit?,Hurricane Katrina 2007,Crisis-Specific,Specific,Toggle: Pandemic / Disaster,0.497,"['evacuate', 'home', 'katrina', 'rita', 'your home']",5,11,0.0,3.55,1.1,3.227,True,True,1.283,3.53,4.509,3.173,0.248,5.182,0.02,2,Did you evacuate from your home before the disaster hit?,"['evacuate', 'home', 'katrina', 'rita', 'your home']","[{'keyword': 'evacuate', 'construct': 'Housing / Shelter', 'weight': 0.9}, {'keyword': 'katrina', 'construct': 'Trauma / Health', 'weight': 0.9}, {'keyword': 'rita', 'construct': 'Trauma / Health', 'weight': 0.9}, {'keyword': 'your home', 'construct': 'Housing / Shelter', 'weight': 0.85}]","['Housing / Shelter', 'Trauma / Health']"
SPC_DISASTER_CAUSE_LOSE_JOB,Did you lose your job because of Katrina or Rita?,Hurricane Katrina 2007,Crisis-Specific,Specific,Toggle: Pandemic / Disaster,0.491,"['job', 'katrina', 'lose', 'rita', 'your job']",5,10,0.0,3.2,1.0,3.2,True,True,1.167,3.708,3.989,3.066,0.117,5.117,0.02,2,Did the disaster cause you to lose your job?,"['job', 'katrina', 'lose', 'rita', 'your job']","[{'keyword': 'job', 'construct': 'Employment', 'weight': 0.7}, {'keyword': 'katrina', 'construct': 'Trauma / Health', 'weight': 0.9}, {'keyword': 'rita', 'construct': 'Trauma / Health', 'weight': 0.9}, {'keyword': 'your job', 'construct': 'Employment', 'weight': 0.7}]","['Employment', 'Trauma / Health']"
SPC_LAID_OFF_FURLOUGHED_PANDEMIC,Laid off or furloughed because of the pandemic,COVID-19,Crisis-Specific,Specific,Toggle: Pandemic / Disaster,0.309,"['furloughed', 'laid', 'pandemic', 'the pandemic']",4,8,1.5,2.55,1.1,2.318,True,True,0.933,3.106,3.794,4.196,0.17,5.117,0.02,2,Were you laid off or furloughed because of the pandemic?,"['furloughed', 'laid', 'pandemic', 'the pandemic']","[{'keyword': 'furloughed', 'construct': 'Employment', 'weight': 0.75}, {'keyword': 'pandemic', 'construct': 'Trauma / Health', 'weight': 0.9}, {'keyword': 'the pandemic', 'construct': 'Trauma / Health', 'weight': 0.9}]","['Employment', 'Trauma / Health']"
SPC_DISPLACED_PLACE_LIVING_DISASTER,Were you displaced from the place you were living because of Katrina or Rita?,Hurricane Katrina 2007,Crisis-Specific,Specific,Toggle: Pandemic / Disaster,0.268,"['displaced', 'katrina', 'place', 'rita', 'the place', 'you']",6,13,0.0,2.75,1.3,2.115,True,True,1.517,2.643,3.587,3.333,0.068,5.182,0.02,2,Were you displaced from the place you were living because of the disaster?,"['displaced', 'katrina', 'place', 'rita', 'the place', 'you']","[{'keyword': 'displaced', 'construct': 'Housing / Shelter', 'weight': 0.95}, {'keyword': 'katrina', 'construct': 'Trauma / Health', 'weight': 0.9}, {'keyword': 'rita', 'construct': 'Trauma / Health', 'weight': 0.9}]","['Housing / Shelter', 'Trauma / Health']"
SPC_DISASTER_OFTEN_BEEN_BOTHERED_2,"Since Katrina and Rita, how often have you been bothered by little interest or pleasure in doing things?",Hurricane Katrina 2007,Crisis-Specific,Specific,Toggle: Pandemic / Disaster,0.017,"['doing things', 'interest', 'katrina', 'little interest', 'pleasure', 'rita', 'things']",7,18,1.0,1.8,2.0,0.9,False,False,2.1,0.877,2.022,3.263,0.236,2.146,0.02,1,"Since the disaster, how often have you been bothered by little interest or pleasure in doing things?","['doing things', 'interest', 'katrina', 'little interest', 'pleasure', 'rita', 'things']","[{'keyword': 'katrina', 'construct': 'Trauma / Health', 'weight': 0.9}, {'keyword': 'rita', 'construct': 'Trauma / Health', 'weight': 0.9}]",['Trauma / Health']
SPC_RECEIVE_EMERGENCY_FINANCIAL_ASSISTAN,How much financial help did you receive from FEMA?,Hurricane Katrina 2007,Crisis-Specific,Specific,Toggle: Pandemic / Disaster,0.175,"['fema', 'financial help', 'help', 'much', 'receive']",5,9,0.0,1.5,0.9,1.667,False,False,1.05,2.057,2.265,3.735,0.343,13.006,0.02,2,Did you receive emergency financial assistance because of the disaster?,"['fema', 'financial help', 'help', 'much', 'receive']","[{'keyword': 'fema', 'construct': 'Government Aid', 'weight': 0.7}, {'keyword': 'financial help', 'construct': 'Financial Coping', 'weight': 0.8}]","['Financial Coping', 'Government Aid']"
SPC_DISASTER_OFTEN_BEEN_BOTHERED_3,"Since Katrina and Rita, how often have you been bothered by poor appetite or overeating?",Hurricane Katrina 2007,Crisis-Specific,Specific,Toggle: Pandemic / Disaster,0.05,"['appetite', 'katrina', 'overeating', 'poor appetite', 'rita']",5,15,1.0,1.8,1.7,1.059,False,False,1.75,0.679,1.904,2.958,1.0,2.146,0.02,1,"Since the disaster, how often have you been bothered by poor appetite or overeating?","['appetite', 'katrina', 'overeating', 'poor appetite', 'rita']","[{'keyword': 'katrina', 'construct': 'Trauma / Health', 'weight': 0.9}, {'keyword': 'rita', 'construct': 'Trauma / Health', 'weight': 0.9}]",['Trauma / Health']
SPC_DISASTER_FELT_EMOTIONALLY_DISTANT,"Since Katrina and Rita, have you felt emotionally distant or cut off from other people?",Hurricane Katrina 2007,Crisis-Specific,Specific,Toggle: Pandemic / Disaster,0.05,"['cut off', 'distant', 'emotionally distant', 'katrina', 'other people', 'rita']",6,15,1.0,1.8,1.7,1.059,False,False,1.75,1.103,2.119,3.517,0.201,2.146,0.02,1,"Since the disaster, have you felt emotionally distant or cut off from other people?","['cut off', 'distant', 'emotionally distant', 'katrina', 'other people', 'rita']","[{'keyword': 'katrina', 'construct': 'Trauma / Health', 'weight': 0.9}, {'keyword': 'rita', 'construct': 'Trauma / Health', 'weight': 0.9}]",['Trauma / Health']
SPC_DISASTER_OFTEN_BEEN_BOTHERED_4,"Since Katrina and Rita, how often have you been bothered by poor appetite or overeating?",Hurricane Katrina 2007,Crisis-Specific,Specific,Toggle: Pandemic / Disaster,0.05,"['appetite', 'katrina', 'overeating', 'poor appetite', 'rita']",5,15,1.0,1.8,1.7,1.059,False,False,1.75,0.679,1.904,2.958,1.0,2.146,0.02,1,"Since the disaster, how often have you been bothered by poor appetite or overeating?","['appetite', 'katrina', 'overeating', 'poor appetite', 'rita']","[{'keyword': 'katrina', 'construct': 'Trauma / Health', 'weight': 0.9}, {'keyword': 'rita', 'construct': 'Trauma / Health', 'weight': 0.9}]",['Trauma / Health']
SPC_DISASTER_OFTEN_BEEN_BOTHERED_5,"Since Katrina and Rita, how often have you been bothered by feeling bad about yourself?",Hurricane Katrina 2007,Crisis-Specific,Specific,Toggle: Pandemic / Disaster,0.05,"['bad', 'feeling bad', 'katrina', 'rita', 'yourself']",5,15,1.0,1.8,1.7,1.059,False,False,1.75,0.834,1.836,2.781,0.454,2.146,0.02,1,"Since the disaster, how often have you been bothered by feeling bad about yourself?","['bad', 'feeling bad', 'katrina', 'rita', 'yourself']","[{'keyword': 'katrina', 'construct': 'Trauma / Health', 'weight': 0.9}, {'keyword': 'rita', 'construct': 'Trauma / Health', 'weight': 0.9}]",['Trauma / Health']
SPC_DISASTER_OFTEN_BEEN_BOTHERED_6,"Since Katrina and Rita, how often have you been bothered by trouble concentrating on things?",Hurricane Katrina 2007,Crisis-Specific,Specific,Toggle: Pandemic / Disaster,0.05,"['concentrating', 'katrina', 'rita', 'things', 'trouble']",5,15,1.0,1.8,1.7,1.059,False,False,1.75,0.942,1.927,3.016,0.313,2.146,0.02,1,"Since the disaster, how often have you been bothered by trouble concentrating on things?","['concentrating', 'katrina', 'rita', 'things', 'trouble']","[{'keyword': 'katrina', 'construct': 'Trauma / Health', 'weight': 0.9}, {'keyword': 'rita', 'construct': 'Trauma / Health', 'weight': 0.9}]",['Trauma / Health']
SPC_OVERALL_WOULD_RATE_IMPACT,Overall how would you rate the impact of Katrina or Rita on your family?,Hurricane Katrina 2007,Crisis-Specific,Specific,Toggle: Pandemic / Disaster,0.096,"['family', 'impact', 'katrina', 'overall', 'rate', 'rita', 'your family']",7,14,0.0,1.8,1.4,1.286,False,False,1.633,1.373,2.09,3.441,0.134,2.146,0.02,1,Overall how would you rate the impact of the disaster on your family?,"['family', 'impact', 'katrina', 'overall', 'rate', 'rita', 'your family']","[{'keyword': 'katrina', 'construct': 'Trauma / Health', 'weight': 0.9}, {'keyword': 'rita', 'construct': 'Trauma / Health', 'weight': 0.9}]",['Trauma / Health']
SPC_BEEN_ABLE_RETURN_ORIGINAL,Have you been able to return to your original home?,Hurricane Katrina 2007,Crisis-Specific,Specific,Toggle: Pandemic / Disaster,0.007,"['able', 'home', 'original home', 'return', 'you']",5,10,0.0,0.85,1.0,0.85,False,False,1.167,1.137,1.234,4.098,0.132,8.059,0.08,1,Have you been able to return to your original home?,"['able', 'home', 'original home', 'return', 'you']","[{'keyword': 'original home', 'construct': 'Housing / Shelter', 'weight': 0.85}]",['Housing / Shelter']
SPC_AGE_YEARS,Calculate respondents age,Understanding Society,Generic,Specific,Generic Core,0.175,"['age', 'calculate respondent', 'respondent']",3,3,0.0,0.5,0.3,1.667,True,True,0.35,2.725,0.818,4.277,0.0,17.553,0.08,1,What is your age in years?,"['age', 'calculate respondent', 'respondent']","[{'keyword': 'age', 'construct': 'Demographics', 'weight': 0.5}]",['Demographics']
SPC_DISASTER_OFTEN_BEEN_BOTHERED_7,"Since Katrina and Rita, how often have you been bothered by trouble falling or staying asleep or sleeping too much?",Hurricane Katrina 2007,Crisis-Specific,Specific,Toggle: Pandemic / Disaster,0.0,"['asleep', 'falling', 'katrina', 'rita', 'sleeping', 'staying asleep', 'trouble']",7,20,1.0,1.8,2.2,0.818,False,False,2.333,0.783,2.074,3.398,0.313,2.146,0.02,1,"Since the disaster, how often have you been bothered by trouble falling or staying asleep or sleeping too much?","['asleep', 'falling', 'katrina', 'rita', 'sleeping', 'staying asleep', 'trouble']","[{'keyword': 'katrina', 'construct': 'Trauma / Health', 'weight': 0.9}, {'keyword': 'rita', 'construct': 'Trauma / Health', 'weight': 0.9}]",['Trauma / Health']
SPC_MANY_DAYS_WITHOUT_ELECTRICITY,How many days were you without electricity after Katrina or Rita?,Hurricane Katrina 2007,Crisis-Specific,Specific,Toggle: Pandemic / Disaster,0.169,"['days', 'electricity', 'katrina', 'many days', 'rita', 'without electricity', 'you']",7,11,0.0,1.8,1.1,1.636,False,False,1.283,1.521,1.922,3.005,0.229,2.146,0.02,1,How many days were you without electricity after the disaster?,"['days', 'electricity', 'katrina', 'many days', 'rita', 'without electricity', 'you']","[{'keyword': 'katrina', 'construct': 'Trauma / Health', 'weight': 0.9}, {'keyword': 'rita', 'construct': 'Trauma / Health', 'weight': 0.9}]",['Trauma / Health']
SPC_MANY_DAYS_WITHOUT_RUNNING,How many days were you without running water after Katrina or Rita?,Hurricane Katrina 2007,Crisis-Specific,Specific,Toggle: Pandemic / Disaster,0.169,"['days', 'katrina', 'many days', 'rita', 'running water', 'water', 'you']",7,11,0.0,1.8,1.1,1.636,False,False,1.283,1.607,2.031,3.288,0.229,2.146,0.02,1,How many days were you without running water after the disaster?,"['days', 'katrina', 'many days', 'rita', 'running water', 'water', 'you']","[{'keyword': 'katrina', 'construct': 'Trauma / Health', 'weight': 0.9}, {'keyword': 'rita', 'construct': 'Trauma / Health', 'weight': 0.9}]",['Trauma / Health']
SPC_RECEIVE_HELP_FEMA_FEDERAL,Did you receive any help from FEMA Federal Emergency Management Agency?,Hurricane Katrina 2007,Crisis-Specific,Specific,Toggle: Pandemic / Disaster,0.206,"['any help', 'emergency management agency', 'federal emergency', 'fema', 'receive']",5,11,0.0,2.0,1.1,1.818,True,True,1.283,2.027,2.727,3.971,0.343,7.989,0.02,1,Did you receive any help from FEMA Federal Emergency Management Agency?,"['any help', 'emergency management agency', 'federal emergency', 'fema', 'receive']","[{'keyword': 'emergency management agency', 'construct': 'Government Aid', 'weight': 0.7}, {'keyword': 'federal emergency', 'construct': 'Government Aid', 'weight': 0.6}, {'keyword': 'fema', 'construct': 'Government Aid', 'weight': 0.7}]",['Government Aid']
SPC_DISASTER_BEEN_WORRYING_TOO,"Since Katrina and Rita, have you been worrying too much about different things?",Hurricane Katrina 2007,Crisis-Specific,Specific,Toggle: Pandemic / Disaster,0.079,"['different things', 'katrina', 'rita', 'things', 'worrying']",5,13,1.0,1.8,1.5,1.2,False,False,1.517,1.186,1.984,3.166,0.178,2.146,0.02,1,"Since the disaster, have you been worrying too much about different things?","['different things', 'katrina', 'rita', 'things', 'worrying']","[{'keyword': 'katrina', 'construct': 'Trauma / Health', 'weight': 0.9}, {'keyword': 'rita', 'construct': 'Trauma / Health', 'weight': 0.9}]",['Trauma / Health']
SPC_MOVE_DIFFERENT_CITY_STATE,Did you have to move to a different city or state because of Katrina or Rita?,Hurricane Katrina 2007,Crisis-Specific,Specific,Toggle: Pandemic / Disaster,0.079,"['city', 'different city', 'katrina', 'move', 'rita', 'state', 'you']",7,15,0.0,1.8,1.5,1.2,False,False,1.75,1.22,2.041,3.313,0.178,2.146,0.02,1,Did you have to move to a different city or state because of the disaster?,"['city', 'different city', 'katrina', 'move', 'rita', 'state', 'you']","[{'keyword': 'katrina', 'construct': 'Trauma / Health', 'weight': 0.9}, {'keyword': 'rita', 'construct': 'Trauma / Health', 'weight': 0.9}]",['Trauma / Health']
SPC_DISASTER_OFTEN_BEEN_BOTHERED_8,"Since Katrina and Rita, how often have you been bothered by feeling tired or having little energy?",Hurricane Katrina 2007,Crisis-Specific,Specific,Toggle: Pandemic / Disaster,0.027,"['energy', 'feeling tired', 'katrina', 'little energy', 'rita', 'tired']",6,17,1.0,1.8,1.9,0.947,False,False,1.983,0.877,2.056,3.352,0.36,2.146,0.02,1,"Since the disaster, how often have you been bothered by feeling tired or having little energy?","['energy', 'feeling tired', 'katrina', 'little energy', 'rita', 'tired']","[{'keyword': 'katrina', 'construct': 'Trauma / Health', 'weight': 0.9}, {'keyword': 'rita', 'construct': 'Trauma / Health', 'weight': 0.9}]",['Trauma / Health']
SPC_DISASTER_OFTEN_BEEN_BOTHERED_9,"Since Katrina and Rita, how often have you been bothered by moving or speaking slowly or being restless?",Hurricane Katrina 2007,Crisis-Specific,Specific,Toggle: Pandemic / Disaster,0.027,"['being restless', 'katrina', 'moving', 'restless', 'rita', 'slowly', 'speaking']",7,17,1.0,1.8,1.9,0.947,False,False,1.983,0.979,2.054,3.348,0.161,2.146,0.02,1,"Since the disaster, how often have you been bothered by moving or speaking slowly or being restless?","['being restless', 'katrina', 'moving', 'restless', 'rita', 'slowly', 'speaking']","[{'keyword': 'katrina', 'construct': 'Trauma / Health', 'weight': 0.9}, {'keyword': 'rita', 'construct': 'Trauma / Health', 'weight': 0.9}]",['Trauma / Health']
SPC_RECEIVE_HELP_OTHER_GOVERNMENT,Did you receive help from other government agencies or nonprofit organizations?,Hurricane Katrina 2007,Crisis-Specific,Specific,Toggle: Pandemic / Disaster,0.056,"['agencies', 'government agencies', 'help', 'nonprofit organizations', 'other government', 'receive']",6,11,0.0,1.2,1.1,1.091,False,False,1.283,1.312,1.704,3.955,0.278,7.989,0.08,1,Did you receive help from other government agencies or nonprofit organizations?,"['agencies', 'government agencies', 'help', 'nonprofit organizations', 'other government', 'receive']","[{'keyword': 'government agencies', 'construct': 'Government Aid', 'weight': 0.6}, {'keyword': 'other government', 'construct': 'Government Aid', 'weight': 0.6}]",['Government Aid']
SPC_DESCRIBE_SEX_GENDER,And are you... 1. Male 2. Female,Understanding Society,Generic,Specific,Generic Core,0.084,"['... 1', '1. male', 'female', 'male 2', 'you']",5,7,2.0,1.35,1.1,1.227,True,True,0.817,1.933,2.127,4.277,0.0,17.553,0.02,1,How do you describe your sex or gender?,"['... 1', '1. male', 'female', 'male 2', 'you']","[{'keyword': '1. male', 'construct': 'Demographics', 'weight': 0.45}, {'keyword': 'female', 'construct': 'Demographics', 'weight': 0.45}, {'keyword': 'male 2', 'construct': 'Demographics', 'weight': 0.45}]",['Demographics']
